Description,Incident #,Location,Agency,Date,,
AUTO THEFT,211070874,GLEN HANLEIGH DR / GLEN HARDY CT,San Jose Police,4/17/2021 23:51,,
GRAND THEFT,211073210,2000 BLK LUCRETIA AV,San Jose Police,4/17/2021 23:19,,
AUTO THEFT,211070856,W VIRGINIA ST/S 1ST ST,San Jose Police,4/17/2021 21:49,,
AGG ASSAULT,211070694,KEYES ST / S 11TH ST,San Jose Police,4/17/2021 19:42,,
PETTY THEFT,211073205,500 BLK S 2ND ST,San Jose Police,4/17/2021 19:16,,
ASSAULT,211079504,2000 BLK MONTEREY RD,San Jose Police,4/17/2021 18:23,,
GRAND THEFT,211073203,2600 BLK SHERLOCK DR,San Jose Police,4/17/2021 18:05,,
ASSAULT,211070405,1100 BLK S 2ND ST,San Jose Police,4/17/2021 14:10,,
AUTO THEFT,211070305,RUBY AV / ABORN RD,San Jose Police,4/17/2021 12:02,,
ASSAULT,211070240,2700 BLK OPHELIA AV,San Jose Police,4/17/2021 10:30,,
ASSAULT,211070229,1500 BLK MOFFO CT,San Jose Police,4/17/2021 9:36,,
AUTO THEFT,211070225,4000 BLK LAKE RIDGE LN,San Jose Police,4/17/2021 9:25,,
GRAND THEFT,211073202,900 BLK S 8TH ST,San Jose Police,4/17/2021 8:38,,
LICENSE PLATE,211070194,2300 BLK WARFIELD WY,San Jose Police,4/17/2021 8:18,,
GRAND THEFT,211070193,1000 BLK S 6TH ST,San Jose Police,4/17/2021 8:16,,
BURGLARY,211070172,1900 BLK TULLY RD,San Jose Police,4/17/2021 7:13,,
AUTO THEFT,211070111,2700 BLK DUBLIN DR,San Jose Police,4/17/2021 3:50,,
AUTO THEFT,211070067,400 BLK S 11TH ST,San Jose Police,4/17/2021 1:45,,
AGG ASSAULT,211070021,1000 BLK S 1ST ST,San Jose Police,4/17/2021 0:26,,
NARCOTICS,211060803,2500 BLK S KING RD,San Jose Police,4/17/2021 0:02,,
DUI,211061003,S JACKSON AV / E SAN ANTONIO ST,San Jose Police,4/16/2021 22:56,,
ROBBERY,211060852,1100 BLK STORY RD,San Jose Police,4/16/2021 20:08,,
ASSAULT,211060813,2600 BLK BRAHMS AV,San Jose Police,4/16/2021 19:26,,
GRAND THEFT,211060810,2100 BLK TULLY RD,San Jose Police,4/16/2021 19:18,,
GRAND THEFT,211060810,2100 BLK TULLY RD,San Jose Police,4/16/2021 19:18,,
PETTY THEFT,211063204,1000 BLK S 3RD ST,San Jose Police,4/16/2021 17:56,,
ARSON,211060696,1200 BLK STORY RD,San Jose Police,4/16/2021 17:40,,
NARCOTICS,211060663,NICKEL AV / S KING RD,San Jose Police,4/16/2021 17:16,,
AGG ASSAULT,211060705,1400 BLK TAMI LEE DR,San Jose Police,4/16/2021 17:15,,
NARCOTICS,211060622,OCALA AV / E CAPITOL EXPY,San Jose Police,4/16/2021 16:47,,
VANDALISM,211060312,1600 BLK S CAPITOL AV,San Jose Police,4/16/2021 16:46,,
DISTURB PEACE,211069509,2400 BLK SENTER RD,San Jose Police,4/16/2021 16:41,,
PETTY THEFT,211060424,1300 BLK E SAN ANTONIO ST,San Jose Police,4/16/2021 16:10,,
FORGERY/FRAUD,211069508,800 BLK MACREDES AV,San Jose Police,4/16/2021 14:49,,
FORGERY/FRAUD,211069506,100 BLK S 26TH ST,San Jose Police,4/16/2021 14:28,,
NARCOTICS,211060432,1100 BLK OWSLEY AV,San Jose Police,4/16/2021 13:15,,
BURGLARY,211060255,1200 BLK STORY RD,San Jose Police,4/16/2021 9:54,,
AGG ASSAULT,211060216,1600 BLK TULLY RD,San Jose Police,4/16/2021 8:51,,
AUTO THEFT,211060218,2300 BLK SENTER RD,San Jose Police,4/16/2021 8:51,,
AGG ASSAULT,211060197,2100 BLK MONTEREY RD,San Jose Police,4/16/2021 8:15,,
NARCOTICS,211060090,LEEWARD/FOXDALE,San Jose Police,4/16/2021 3:09,,
FORGERY/FRAUD,211063205,2100 BLK GOLDEN DEW CL,San Jose Police,4/16/2021 2:22,,
NARCOTICS,211060055,KEYES ST / S 8TH ST,San Jose Police,4/16/2021 1:58,,
DUI,211060059,ALMADEN AV / W ALMA AV,San Jose Police,4/16/2021 1:50,,
DISTURB PEACE,211060042,600 BLK NORDALE AV,San Jose Police,4/16/2021 1:11,,
WEAPONS,211060002,S 1ST ST / E REED ST,San Jose Police,4/16/2021 0:05,,
PETTY THEFT,211050593,2200 BLK TULLY RD,San Jose Police,4/15/2021 22:34,,
PETTY THEFT,211050593,2200 BLK TULLY RD,San Jose Police,4/15/2021 22:34,,
AUTO THEFT,211050939,2100 BLK MONTEREY RD,San Jose Police,4/15/2021 22:26,,
ASSAULT,211050841,MCCREERY AV / CINDERELLA LN,San Jose Police,4/15/2021 20:09,,
PETTY THEFT,211050831,100 BLK E SAN SALVADOR ST,San Jose Police,4/15/2021 19:59,,
NARCOTICS,211050744,S KING RD / SEMINOLE WY,San Jose Police,4/15/2021 18:31,,
ROBBERY,211050720,2900 BLK E CAPITOL EXPY,San Jose Police,4/15/2021 18:09,,
ROBBERY,211050680,1700 BLK SENTER RD,San Jose Police,4/15/2021 18:03,,
FORGERY/FRAUD,211053209,1000 BLK OWSLEY AV,San Jose Police,4/15/2021 17:55,,
GRAND THEFT,211050615,2800 BLK SCOTTSDALE DR,San Jose Police,4/15/2021 16:30,,
BURGLARY,211050578,1100 BLK FAIR AV,San Jose Police,4/15/2021 15:49,,
BURGLARY,211050400,1900 BLK ALUM ROCK AV,San Jose Police,4/15/2021 14:31,,
FORGERY/FRAUD,211053210,500 BLK UMBARGER RD,San Jose Police,4/15/2021 13:10,,
LICENSE PLATE,211050402,1700 BLK TULLY RD,San Jose Police,4/15/2021 12:33,,
BURGLARY,211050363,2100 BLK S 7TH ST,San Jose Police,4/15/2021 11:55,,
AUTO THEFT,211050351,2100 BLK SARASOTA WY,San Jose Police,4/15/2021 11:45,,
BURGLARY,211050326,300 BLK S 3RD ST,San Jose Police,4/15/2021 11:18,,
PETTY THEFT,211053200,1500 BLK TOSCA CT,San Jose Police,4/15/2021 11:07,,
VANDALISM,211053218,2000 BLK ALUM ROCK AV,San Jose Police,4/15/2021 11:05,,
NARCOTICS,211050226,FELIPE AV / OLINDER CT,San Jose Police,4/15/2021 9:33,,
AGG ASSAULT,211050207,3500 BLK PLEASENT KNOLL DR,San Jose Police,4/15/2021 9:13,,
ASSAULT,211050240,2400 BLK SENTER RD,San Jose Police,4/15/2021 9:07,,
NARCOTICS,211050100,STORY RD / S KING RD,San Jose Police,4/15/2021 8:23,,
AUTO THEFT,211050158,800 BLK TURLEY DR,San Jose Police,4/15/2021 8:08,,
AUTO THEFT,211050142,1500 BLK LA ROSSA CL,San Jose Police,4/15/2021 7:47,,
BURGLARY,211050104,2100 BLK S 10TH ST,San Jose Police,4/15/2021 5:28,,
VANDALISM,211050052,700 BLK E SANTA CLARA ST,San Jose Police,4/15/2021 2:10,,
NARCOTICS,211050021,TULLY RD / LUCRETIA AV,San Jose Police,4/15/2021 0:43,,
ASSAULT,211040909,3100 BLK QUIMBY RD,San Jose Police,4/14/2021 22:21,,
AUTO THEFT,211040682,2900 BLK ABORN SQUARE RD,San Jose Police,4/14/2021 21:34,,
AGG ASSAULT,211040847,600 BLK BALFOUR DR,San Jose Police,4/14/2021 20:43,,
BURGLARY,211040815,1800 BLK ALUM ROCK AV,San Jose Police,4/14/2021 20:04,,
PETTY THEFT,211040387,1600 BLK S 7TH ST,San Jose Police,4/14/2021 18:42,,
VANDALISM,211040738,1600 BLK E SAN FERNANDO ST,San Jose Police,4/14/2021 18:20,,
FORGERY/FRAUD,211040737,MONTEREY RD / PHELAN AV,San Jose Police,4/14/2021 18:20,,
ASSAULT,211040471,2200 BLK QUIMBY RD,San Jose Police,4/14/2021 17:50,,
LICENSE PLATE,211040632,200 BLK WILLOW ST,San Jose Police,4/14/2021 16:43,,
ASSAULT,211040402,2900 BLK E CAPITOL AV,San Jose Police,4/14/2021 16:38,,
VANDALISM,211040511,1000 BLK S 6TH ST,San Jose Police,4/14/2021 15:45,,
AUTO THEFT,211040516,2700 BLK STORY RD,San Jose Police,4/14/2021 15:29,,
PETTY THEFT,211049519,1000 BLK STORY RD,San Jose Police,4/14/2021 15:23,,
ASSAULT,211040539,1400 BLK FLORIDA AV,San Jose Police,4/14/2021 15:20,,
PETTY THEFT,211040517,2900 BLK REMINGTON WY,San Jose Police,4/14/2021 14:46,,
BURGLARY,211040115,200 BLK WILLOW ST,San Jose Police,4/14/2021 14:28,,
AUTO THEFT,211040428,2000 BLK DANDERHALL WY,San Jose Police,4/14/2021 14:01,,
VANDALISM,211043217,2100 BLK MONTEREY RD,San Jose Police,4/14/2021 13:35,,
AUTO THEFT,211040384,1500 BLK LA ROSSA CL,San Jose Police,4/14/2021 12:38,,
CREDIT CARD,211043210,15 BLK MCCREERY AV,San Jose Police,4/14/2021 12:07,,
NARCOTICS,211040349,400 BLK BALTIC WY,San Jose Police,4/14/2021 11:55,,
VANDALISM,211040291,400 BLK S 3RD ST,San Jose Police,4/14/2021 11:42,,
ROBBERY,211040303,STORY RD / S JACKSON AV,San Jose Police,4/14/2021 10:50,,
ASSAULT,211040207,2100 BLK MONTEREY RD,San Jose Police,4/14/2021 9:30,,
BURGLARY,211040220,2200 BLK MONTEREY RD,San Jose Police,4/14/2021 9:13,,
AUTO THEFT,211040209,1300 BLK BALI CT,San Jose Police,4/14/2021 8:53,,
PETTY THEFT,211043206,3600 BLK JASMINE CL,San Jose Police,4/14/2021 8:26,,
AUTO THEFT,211040180,1500 BLK CLEMENCE AV,San Jose Police,4/14/2021 8:25,,
AUTO THEFT,211040125,2600 BLK CORDE TERRA CL,San Jose Police,4/14/2021 6:41,,
AUTO THEFT,211040116,900 BLK S 6TH ST,San Jose Police,4/14/2021 6:09,,
AUTO THEFT,211040112,1700 BLK MONTEREY RD,San Jose Police,4/14/2021 5:59,,
ARSON,211040099,2500 BLK SENTER RD,San Jose Police,4/14/2021 5:10,,
AUTO THEFT,211040059,200 BLK S 13TH ST,San Jose Police,4/14/2021 2:33,,
DUI,211040018,S 1ST ST / W HUMBOLDT ST,San Jose Police,4/14/2021 1:12,,
AUTO THEFT,211030973,2100 BLK STORY RD,San Jose Police,4/13/2021 23:00,,
ASSAULT,211031050,1600 BLK E SAN FERNANDO ST,San Jose Police,4/13/2021 22:29,,
BURGLARY,211031038,1500 BLK LA ROSSA CL,San Jose Police,4/13/2021 22:12,,
AGG ASSAULT,211030962,500 BLK S 10TH ST,San Jose Police,4/13/2021 21:29,,
AGG ASSAULT,211030900,2800 BLK SMITHERS DRIVE,San Jose Police,4/13/2021 19:16,,
ASSAULT,211030771,3200 BLK ANDORA DR,San Jose Police,4/13/2021 17:00,,
ASSAULT,211030688,1700 BLK STORY RD,San Jose Police,4/13/2021 15:40,,
ASSAULT,211039514,2500 BLK ALVIN AV,San Jose Police,4/13/2021 15:01,,
ASSAULT,211030640,500 BLK S 9TH ST,San Jose Police,4/13/2021 14:46,,
FORGERY/FRAUD,211039506,3200 BLK TULLY RD,San Jose Police,4/13/2021 13:24,,
CREDIT CARD,211039503,200 BLK S 23RD ST,San Jose Police,4/13/2021 12:34,,
ASSAULT,211030474,1400 BLK FLORIDA AV,San Jose Police,4/13/2021 12:04,,
ASSAULT,211039502,1700 BLK STORY RD,San Jose Police,4/13/2021 11:44,,
ROBBERY,211030429,2400 BLK ALVIN AV,San Jose Police,4/13/2021 11:30,,
PETTY THEFT,211033219,1500 BLK HERMOCILLA WY,San Jose Police,4/13/2021 10:44,,
FORGERY/FRAUD,211033208,2700 BLK CAMINO ECCO,San Jose Police,4/13/2021 10:31,,
AUTO THEFT,211030339,HUMBOLDT ST AND S 8TH ST,San Jose Police,4/13/2021 10:04,,
PETTY THEFT,211033211,4000 BLK YERBA BUENA AV,San Jose Police,4/13/2021 9:12,,
NARCOTICS,211030233,1600 BLK BURDETTE DR,San Jose Police,4/13/2021 8:17,,
PETTY THEFT,211030178,1000 BLK S 3RD ST,San Jose Police,4/13/2021 6:35,,
ARSON,211030385,1200 BLK STORY RD,San Jose Police,4/13/2021 5:15,,
GRAND THEFT,211030078,900 BLK S 9TH ST,San Jose Police,4/13/2021 1:45,,
NARCOTICS,211030066,S WHITE RD / ABORN RD,San Jose Police,4/13/2021 1:38,,
PETTY THEFT,211030012,1200 BLK E JULIAN ST,San Jose Police,4/13/2021 0:43,,
AUTO THEFT,211020902,1300 BLK LUCRETIA AV,San Jose Police,4/12/2021 22:41,,
VANDALISM,211020911,1000 BLK S 3RD ST,San Jose Police,4/12/2021 22:12,,
PROSTITUTION,211021010,100 BLK STREET / FLOYD ST,San Jose Police,4/12/2021 22:00,,
AUTO THEFT,211020982,200 BLK ST/SAN SALVADOR ST,San Jose Police,4/12/2021 21:24,,
GRAND THEFT,211023228,2200 BLK PACINA DR,San Jose Police,4/12/2021 20:01,,
GRAND THEFT,211023210,500 BLK S 6TH ST,San Jose Police,4/12/2021 18:48,,
LICENSE PLATE,211020823,1600 BLK TIERRA BUENA DR,San Jose Police,4/12/2021 18:12,,
ROBBERY,211020770,1100 BLK STORY RD,San Jose Police,4/12/2021 17:18,,
ARSON,211029714,3300 BLK SAN FELIPE RD,San Jose Police,4/12/2021 15:50,,
ASSAULT,211020614,800 BLK JEANNE AV,San Jose Police,4/12/2021 14:44,,
DISTURB PEACE,211029512,1500 BLK LA ROSSA CL,San Jose Police,4/12/2021 14:28,,
WEAPONS,211020238,2100 BLK SENTER RD,San Jose Police,4/12/2021 13:00,,
AUTO THEFT,211020479,2400 BLK DOBERN AV,San Jose Police,4/12/2021 12:54,,
BURGLARY,211020466,2900 BLK ABORN SQUARE RD,San Jose Police,4/12/2021 12:15,,
INDECENT EXPOSURE,211020444,1800 BLK ENESCO AV,San Jose Police,4/12/2021 11:54,,
NARCOTICS,211020445,CRAMER CL / BASIN CT,San Jose Police,4/12/2021 11:54,,
VANDALISM,211023227,3600 BLK SATINWOOD DR,San Jose Police,4/12/2021 11:52,,
AGG ASSAULT,211020431,1000 BLK S 10TH ST,San Jose Police,4/12/2021 11:41,,
PETTY THEFT,211023230,3500 BLK COUR DE CHARLES,San Jose Police,4/12/2021 11:16,,
AUTO THEFT,211020360,2300 BLK LUCRETIA AV,San Jose Police,4/12/2021 10:32,,
FORGERY/FRAUD,211023209,300 BLK S 20TH ST,San Jose Police,4/12/2021 10:17,,
PETTY THEFT,211020290,1900 BLK POCO WY,San Jose Police,4/12/2021 9:22,,
VANDALISM,211023220,OCALA AV / DARWIN WY,San Jose Police,4/12/2021 8:59,,
AUTO THEFT,211020259,200 BLK LEO AV,San Jose Police,4/12/2021 8:46,,
BURGLARY,211020248,1300 BLK MCQUESTEN DR,San Jose Police,4/12/2021 8:37,,
VANDALISM,211020226,2900 BLK RIDGEMONT DR,San Jose Police,4/12/2021 8:13,,
NARCOTICS,211020208,1700 BLK TULLY RD,San Jose Police,4/12/2021 7:36,,
PETTY THEFT,211020170,2800 BLK MOSS HOLLOW DR,San Jose Police,4/12/2021 6:25,,
NARCOTICS,211020146,BURDETTE DR / S KING RD,San Jose Police,4/12/2021 5:39,,
VANDALISM,211020156,600 BLK TULLY RD,San Jose Police,4/12/2021 5:34,,
AUTO THEFT,211020148,1300 BLK SANTEE DR,San Jose Police,4/12/2021 5:13,,
ROBBERY,211020154,INMAN WY / WAVERLY AV,San Jose Police,4/12/2021 5:00,,
BURGLARY,211020068,1500 BLK MONTEREY RD,San Jose Police,4/12/2021 2:07,,
AGG ASSAULT,211020062,400 BLK S 6TH ST,San Jose Police,4/12/2021 1:30,,
BURGLARY,211020030,1500 BLK MONTEREY RD,San Jose Police,4/12/2021 0:31,,
DISTURB PEACE,211010966,1600 BLK STORY RD,San Jose Police,4/11/2021 23:38,,
PETTY THEFT,211010962,1400 BLK TULLY RD,San Jose Police,4/11/2021 23:36,,
AGG ASSAULT,211010865,2400 BLK GLEN FOX CT,San Jose Police,4/11/2021 23:26,,
NARCOTICS,211010943,MCCREERY AV / POCO WY,San Jose Police,4/11/2021 23:09,,
BURGLARY,211010902,700 BLK S 2ND ST,San Jose Police,4/11/2021 22:59,,
DUI,211010842,1600 BLK ALDRICH WY,San Jose Police,4/11/2021 21:53,,
AGG ASSAULT,211010921,S 11TH ST / E REED ST,San Jose Police,4/11/2021 21:45,,
VANDALISM,211010849,1600 BLK S CAPITOL AV,San Jose Police,4/11/2021 21:07,,
PETTY THEFT,211010835,E VIRGINIA ST/S 7TH ST,San Jose Police,4/11/2021 21:00,,
ASSAULT,211010589,CUNNINGHAM AV / CUNNINGHAM CT,San Jose Police,4/11/2021 20:24,,
AGG ASSAULT,211010799,2100 BLK MONTEREY RD,San Jose Police,4/11/2021 19:30,,
AGG ASSAULT,211010879,900 BLK S 1ST ST,San Jose Police,4/11/2021 19:12,,
AGG ASSAULT,211010738,900 BLK S 2ND ST,San Jose Police,4/11/2021 18:39,,
VANDALISM,211019704,2600 BLK S KING RD,San Jose Police,4/11/2021 16:30,,
PETTY THEFT,211010644,1900 BLK TULLY RD,San Jose Police,4/11/2021 16:24,,
VANDALISM,211010556,2800 BLK BURDICK WY,San Jose Police,4/11/2021 14:43,,
AUTO THEFT,211010525,1000 BLK S 9TH ST,San Jose Police,4/11/2021 14:02,,
NARCOTICS,211010302,N 17TH ST / E SANTA CLARA ST,San Jose Police,4/11/2021 12:10,,
VANDALISM,211013220,GALVESTON AV / TULLY RD,San Jose Police,4/11/2021 11:39,,
WEAPONS,211010383,2100 BLK MONTEREY HY,San Jose Police,4/11/2021 10:54,,
AUTO THEFT,211010378,2300 BLK LANAI AV,San Jose Police,4/11/2021 10:50,,
ARSON,211010380,1600 BLK TULLY RD,San Jose Police,4/11/2021 10:33,,
NARCOTICS,211010358,HOPKINS DR/ STORY RD,San Jose Police,4/11/2021 10:30,,
AUTO THEFT,211010322,2900 BLK NIEMAN BL,San Jose Police,4/11/2021 9:29,,
NARCOTICS,211010217,STORY RD / KARL ST,San Jose Police,4/11/2021 5:23,,
VANDALISM,211010214,1600 BLK ALUM ROCK AV,San Jose Police,4/11/2021 4:28,,
AUTO THEFT,211010105,2000 BLK MCLAUGHLIN AV,San Jose Police,4/11/2021 1:29,,
PETTY THEFT,211010078,EASTGATE AV / ALUM ROCK AV,San Jose Police,4/11/2021 0:50,,
FORGERY/FRAUD,211003202,2800 BLK GLEN DIXON CT,San Jose Police,4/10/2021 23:43,,
NARCOTICS,211000973,WOODBOROUGH PL / WOODBOROUGH CT,San Jose Police,4/10/2021 23:15,,
ASSAULT,211000945,BERONA WY / OCALA AV,San Jose Police,4/10/2021 22:56,,
ASSAULT,211000915,15 BLK S 8TH ST,San Jose Police,4/10/2021 22:28,,
ROBBERY,211000822,1300 BLK SENTER RD,San Jose Police,4/10/2021 20:59,,
AUTO THEFT,211000689,15 BLK KENTUCKY PL,San Jose Police,4/10/2021 20:58,,
WEAPONS,211000779,MCLAUGHLIN AV/GLENFINNAN DR,San Jose Police,4/10/2021 20:00,,
PETTY THEFT,211003222,1500 BLK ALUM ROCK AV,San Jose Police,4/10/2021 19:24,,
AGG ASSAULT,211000724,3300 BLK SAN FELIPE RD,San Jose Police,4/10/2021 19:08,,
NARCOTICS,211000713,KING RD/ENESCO AV,San Jose Police,4/10/2021 18:50,,
WEAPONS,211000658,CUNNINGHAM AV / HURAN DR,San Jose Police,4/10/2021 17:52,,
AUTO THEFT,211000656,CLEMENCE AV / ALGIERS AV,San Jose Police,4/10/2021 17:51,,
AUTO THEFT,211000404,300 BLK S 4TH ST,San Jose Police,4/10/2021 15:27,,
BURGLARY,211000291,1800 BLK STORY RD,San Jose Police,4/10/2021 14:31,,
AGG ASSAULT,211000459,2600 BLK SENTER CREEK CT,San Jose Police,4/10/2021 14:12,,
AGG ASSAULT,211000441,1800 BLK MIDFIELD AV,San Jose Police,4/10/2021 13:43,,
NARCOTICS,211000433,ALUM ROCK AVE / CHECKERS DR,San Jose Police,4/10/2021 13:30,,
NARCOTICS,211000430,RIGOLETTO DR / AIDA AV,San Jose Police,4/10/2021 13:29,,
NARCOTICS,211000416,700 BLK STORY RD.,San Jose Police,4/10/2021 13:14,,
PETTY THEFT,211003213,400 BLK S 11TH ST,San Jose Police,4/10/2021 13:08,,
AGG ASSAULT,211000405,ALUM ROCK AV / N SUNSET AV,San Jose Police,4/10/2021 13:00,,
AUTO THEFT,211000289,2300 BLK TOLBERT CT,San Jose Police,4/10/2021 12:05,,
AUTO THEFT,211000336,GLEN HAIG WY @ GLEN DARBY CT,San Jose Police,4/10/2021 11:44,,
PETTY THEFT,211003219,2200 BLK SENTER RD,San Jose Police,4/10/2021 11:13,,
ASSAULT,211000193,2500 BLK STORY RD,San Jose Police,4/10/2021 10:58,,
VANDALISM,211003200,2400 BLK ALVIN AV,San Jose Police,4/10/2021 10:49,,
BURGLARY,211000159,1600 BLK ALUM ROCK AV,San Jose Police,4/10/2021 7:54,,
BURGLARY,211000174,1100 BLK S KING RD,San Jose Police,4/10/2021 6:53,,
AUTO THEFT,211000154,1200 BLK KARL ST,San Jose Police,4/10/2021 5:33,,
VANDALISM,211000139,1000 BLK TULLY RD,San Jose Police,4/10/2021 4:40,,
AGG ASSAULT,211000052,1700 BLK STORY RD,San Jose Police,4/10/2021 4:03,,
BURGLARY,211000132,3200 BLK S WHITE RD,San Jose Police,4/10/2021 3:58,,
DUI,210991005,LITTLE ORCHARD ST / W ALMA AV,San Jose Police,4/10/2021 0:05,,
INDECENT EXPOSURE,210990960,700 BLK S 22ND ST,San Jose Police,4/9/2021 23:00,,
NARCOTICS,210990757,SENTER RD / TULLY RD,San Jose Police,4/9/2021 23:00,,
AGG ASSAULT,210990892,1800 BLK NAPLES DR,San Jose Police,4/9/2021 21:45,,
VANDALISM,210990798,ALUM ROCK AV / S 34TH ST,San Jose Police,4/9/2021 20:00,,
ASSAULT,210990780,700 BLK S 12TH ST,San Jose Police,4/9/2021 19:42,,
WEAPONS,210990704,OCALA AV/ HOPKINS DR,San Jose Police,4/9/2021 18:27,,
NARCOTICS,210990664,TULL RD/ HURAN DR,San Jose Police,4/9/2021 17:50,,
NARCOTICS,210990595,KARL ST / STORY RD,San Jose Police,4/9/2021 16:47,,
FORGERY/FRAUD,210993204,1500 BLK POMONA AV,San Jose Police,4/9/2021 16:25,,
BURGLARY,210990541,2000 BLK FLINTWICK CT,San Jose Police,4/9/2021 16:00,,
FORGERY/FRAUD,210999502,2900 BLK COVEWOOD CT,San Jose Police,4/9/2021 15:48,,
PETTY THEFT,210993219,TULLY RD / GALVESTON AV,San Jose Police,4/9/2021 14:28,,
FORGERY/FRAUD,210993206,1900 BLK LAVONNE AV,San Jose Police,4/9/2021 13:49,,
ASSAULT,210990386,2400 BLK DOBERN AV,San Jose Police,4/9/2021 12:48,,
AUTO THEFT,210990359,500 BLK TULLY RD,San Jose Police,4/9/2021 12:21,,
VANDALISM,210990262,1600 BLK TULLY RD,San Jose Police,4/9/2021 10:30,,
BURGLARY,210990243,1800 BLK SENTER RD,San Jose Police,4/9/2021 10:06,,
AUTO THEFT,210990148,1000 BLK WOODMINSTER DR,San Jose Police,4/9/2021 7:35,,
AUTO THEFT,210990141,2300 BLK SENTER RD,San Jose Police,4/9/2021 7:20,,
WEAPONS,210990067,TULLY RD. / GALVESTON AVE.,San Jose Police,4/9/2021 6:55,,
BURGLARY,210990103,1600 BLK ALUM ROCK AV,San Jose Police,4/9/2021 5:05,,
AUTO THEFT,210990087,LITTLE ORCHARD ST/BARNARD AV,San Jose Police,4/9/2021 3:44,,
NARCOTICS,210990078,S 5TH ST / E WILLIAM ST,San Jose Police,4/9/2021 3:11,,
ASSAULT,210990028,1500 BLK MT SHASTA DR,San Jose Police,4/9/2021 0:38,,
AUTO THEFT,210980888,2200 BLK EASTRIDGE LP,San Jose Police,4/8/2021 22:21,,
PETTY THEFT,210983205,15 BLK E VIRGINIA ST,San Jose Police,4/8/2021 19:11,,
LICENSE PLATE,210980729,1000 BLK DURNESS PL,San Jose Police,4/8/2021 18:27,,
AGG ASSAULT,210980640,2100 BLK MONTEREY RD,San Jose Police,4/8/2021 17:06,,
AGG ASSAULT,210980632,1100 BLK S 1ST ST,San Jose Police,4/8/2021 17:00,,
PETTY THEFT,210983231,15 BLK PIERCE AV,San Jose Police,4/8/2021 16:51,,
AUTO THEFT,210980583,100 BLK GRAHAM AV,San Jose Police,4/8/2021 16:09,,
BURGLARY,210980578,1300 BLK FOXDALE LP,San Jose Police,4/8/2021 16:06,,
GRAND THEFT,210989505,3500 BLK COLUMBINE DR,San Jose Police,4/8/2021 15:29,,
VANDALISM,210983200,15 BLK N 21ST ST,San Jose Police,4/8/2021 15:02,,
BURGLARY,210980493,300 BLK S 22ND ST,San Jose Police,4/8/2021 14:06,,
FORGERY/FRAUD,210989503,3100 BLK OLDFIELD WY,San Jose Police,4/8/2021 13:49,,
BURGLARY,210980432,400 BLK TULLY RD,San Jose Police,4/8/2021 13:00,,
CREDIT CARD,210983222,STORY RD / S KING RD,San Jose Police,4/8/2021 12:44,,
VANDALISM,210980410,2100 BLK SENTER RD,San Jose Police,4/8/2021 12:42,,
VANDALISM,210980389,1400 BLK ROBERTS AV,San Jose Police,4/8/2021 12:36,,
ASSAULT,210980366,2800 BLK GLEN HAWKINS CT,San Jose Police,4/8/2021 12:05,,
GRAND THEFT,210980337,S 21ST ST / E SANTA CLARA ST,San Jose Police,4/8/2021 11:35,,
ASSAULT,210980402,1100 BLK LYNN AV,San Jose Police,4/8/2021 11:30,,
VANDALISM,210980300,1400 BLK ROBERTS AV,San Jose Police,4/8/2021 10:47,,
AUTO THEFT,210989701,1000 BLK S ALMADEN AV,San Jose Police,4/8/2021 10:09,,
NARCOTICS,210980180,1100 BLK SPOKANE DR,San Jose Police,4/8/2021 9:49,,
VANDALISM,210983219,4100 BLK VOLTAIRE ST,San Jose Police,4/8/2021 9:18,,
VANDALISM,210980219,500 BLK TULLY RD,San Jose Police,4/8/2021 9:12,,
BURGLARY,210980170,900 BLK FELIPE AV,San Jose Police,4/8/2021 8:17,,
ASSAULT,210980135,2700 BLK KERN AV,San Jose Police,4/8/2021 7:06,,
VANDALISM,210983212,3300 BLK PINKERTON DR,San Jose Police,4/8/2021 5:53,,
BURGLARY,210980100,2000 BLK S 7TH ST,San Jose Police,4/8/2021 5:02,,
NARCOTICS,210980018,E WILLIAM ST/ S 22ND ST,San Jose Police,4/8/2021 0:28,,
VANDALISM,210970682,2400 BLK GLEN HAIG WY,San Jose Police,4/7/2021 23:37,,
NARCOTICS,210971066,E SANTA CLARA ST / S 24TH ST,San Jose Police,4/7/2021 23:03,,
NARCOTICS,210970963,800 BLK TULLY RD,San Jose Police,4/7/2021 20:43,,
FORGERY/FRAUD,210970817,PARROTT DR / SENTER RD,San Jose Police,4/7/2021 19:00,,
ROBBERY,210970762,900 BLK MCLAUGHLIN AV,San Jose Police,4/7/2021 17:20,,
FORGERY/FRAUD,210973228,3100 BLK EDENBANK DR,San Jose Police,4/7/2021 16:57,,
PETTY THEFT,210979512,700 BLK S 2ND ST,San Jose Police,4/7/2021 16:13,,
AUTO THEFT,210970686,2600 BLK CORDE TERRA CL,San Jose Police,4/7/2021 16:08,,
DRUNK PUBLIC,210970687,2900 BLK NIEMAN BL,San Jose Police,4/7/2021 16:08,,
PETTY THEFT,210970643,2900 BLK E CAPITOL EX,San Jose Police,4/7/2021 16:04,,
GRAND THEFT,210973244,2300 BLK LUCRETIA AV,San Jose Police,4/7/2021 15:12,,
ASSAULT,210970635,1600 BLK CRUCERO DR,San Jose Police,4/7/2021 15:01,,
FORGERY/FRAUD,210979508,2500 BLK CORDE TERRA CL,San Jose Police,4/7/2021 14:34,,
VANDALISM,210973224,1600 BLK MONTEREY HY,San Jose Police,4/7/2021 14:30,,
NARCOTICS,210970539,S 7TH ST / PHELAN AV,San Jose Police,4/7/2021 13:37,,
ASSAULT,210979504,1100 BLK S 8TH ST,San Jose Police,4/7/2021 13:01,,
VANDALISM,210973239,400 BLK S 1ST ST,San Jose Police,4/7/2021 12:23,,
AUTO THEFT,210970424,2900 BLK ATWOOD DR,San Jose Police,4/7/2021 11:42,,
ASSAULT,210970416,STORY RD/S KING RD,San Jose Police,4/7/2021 11:35,,
ASSAULT,210979703,15 BLK CASTLECREST DR,San Jose Police,4/7/2021 10:52,,
ASSAULT,210970370,700 BLK STORY RD,San Jose Police,4/7/2021 10:40,,
VANDALISM,210973205,2800 BLK GLEN DONEGAL DR,San Jose Police,4/7/2021 10:38,,
VANDALISM,210970356,600 BLK TULLY RD,San Jose Police,4/7/2021 10:33,,
ASSAULT,210970332,S 7TH ST / E WILLIAM ST,San Jose Police,4/7/2021 10:13,,
AUTO THEFT,210970310,2100 BLK ABORN RD,San Jose Police,4/7/2021 9:51,,
PETTY THEFT,210970277,1800 BLK LUCRETIA AV,San Jose Police,4/7/2021 9:29,,
AUTO THEFT,210970276,S 33RD ST/ALUM ROCK AV,San Jose Police,4/7/2021 9:28,,
ASSAULT,210970245,400 BLK E SAN FERNANDO ST,San Jose Police,4/7/2021 9:00,,
BURGLARY,210970246,1600 BLK CUNNINGHAM AV,San Jose Police,4/7/2021 8:57,,
VANDALISM,210973213,1000 BLK S 1ST ST,San Jose Police,4/7/2021 7:43,,
AGG ASSAULT,210970163,S 11TH ST / E REED ST,San Jose Police,4/7/2021 7:09,,
VANDALISM,210970043,900 BLK TENNYSON LN,San Jose Police,4/7/2021 3:30,,
AUTO THEFT,210970064,OSWEGO DR / ROBERTS AV,San Jose Police,4/7/2021 2:15,,
VANDALISM,210970052,1100 BLK MCLAUGHLIN AV,San Jose Police,4/7/2021 1:28,,
ASSAULT,210970039,1100 BLK SUNNY CT,San Jose Police,4/7/2021 0:59,,
NARCOTICS,210970006,N 34TH ST / S 34TH ST,San Jose Police,4/7/2021 0:08,,
ROBBERY,210970003,3000 BLK RIDGEMONT DR,San Jose Police,4/7/2021 0:06,,
NARCOTICS,210961043,1600 BLK ALUM ROCK AV,San Jose Police,4/6/2021 23:59,,
PROSTITUTION,210961026,EDWARDS AV/1ST ST,San Jose Police,4/6/2021 23:15,,
NARCOTICS,210960439,500 BLK PARROTT ST,San Jose Police,4/6/2021 22:31,,
ASSAULT,210960969,STORY RD / S KING RD,San Jose Police,4/6/2021 22:16,,
NARCOTICS,210960964,E SAN CARLOS ST / S 3RD ST,San Jose Police,4/6/2021 22:08,,
DRUNK PUBLIC,210960950,1500 BLK MONTEREY RD,San Jose Police,4/6/2021 21:42,,
NARCOTICS,210960910,ADRIAN WY / POPLAR DR,San Jose Police,4/6/2021 20:55,,
AUTO THEFT,210960653,1300 BLK VINE ST,San Jose Police,4/6/2021 19:54,,
PETTY THEFT,210960815,1000 BLK TULLY RD,San Jose Police,4/6/2021 19:04,,
VANDALISM,210963219,1600 BLK ALUM ROCK AV,San Jose Police,4/6/2021 18:23,,
LICENSE PLATE,210960733,1500 BLK MIDFIELD AV,San Jose Police,4/6/2021 17:11,,
AUTO THEFT,210960701,1900 BLK POCO WY,San Jose Police,4/6/2021 16:42,,
VANDALISM,210963216,1800 BLK TERILYN AV,San Jose Police,4/6/2021 16:06,,
ARSON,210960615,400 BLK E WILLIAM ST,San Jose Police,4/6/2021 15:42,,
BURGLARY,210960630,2000 BLK CASTLEBURY DR,San Jose Police,4/6/2021 15:26,,
FORGERY/FRAUD,210969509,1800 BLK SENTER RD,San Jose Police,4/6/2021 15:12,,
NARCOTICS,210960613,EVERDALE DR / STURLA DR,San Jose Police,4/6/2021 15:07,,
VANDALISM,210969507,2900 BLK ABORN SQUARE RD,San Jose Police,4/6/2021 14:56,,
FORGERY/FRAUD,210969506,4200 BLK RUBY AV,San Jose Police,4/6/2021 14:32,,
ASSAULT,210969505,1900 BLK BEVERLY BL,San Jose Police,4/6/2021 14:29,,
BURGLARY,210960565,1300 BLK SHERMAN ST,San Jose Police,4/6/2021 14:00,,
AUTO THEFT,SJ202132,2600 BLK SENTER RD,San Jose Police,4/6/2021 13:04,,
DRUNK PUBLIC,210960430,1600 BLK TULLY RD,San Jose Police,4/6/2021 12:11,,
AUTO THEFT,210960406,2600 BLK SENTER RD,San Jose Police,4/6/2021 11:52,,
VANDALISM,210960354,FORESTDALE AV / JEANNE AV,San Jose Police,4/6/2021 11:04,,
BURGLARY,210960268,200 BLK S 11TH ST,San Jose Police,4/6/2021 9:33,,
AUTO THEFT,210960231,15 BLK S 12TH ST,San Jose Police,4/6/2021 8:50,,
VANDALISM,210960166,1600 BLK STORY RD,San Jose Police,4/6/2021 7:18,,
VANDALISM,210963200,2100 BLK BAYHAVEN DR,San Jose Police,4/6/2021 6:00,,
VANDALISM,210960116,700 BLK STORY RD,San Jose Police,4/6/2021 4:06,,
BURGLARY,210960113,1100 BLK E SANTA CLARA ST,San Jose Police,4/6/2021 3:44,,
NARCOTICS,210960101,MCLAUGHLIN AV / PIPE DREAM CT,San Jose Police,4/6/2021 3:15,,
ASSAULT,210960099,E CAPITOL EX / TULLY RD,San Jose Police,4/6/2021 3:13,,
ASSAULT,210960088,3300 BLK FRONDA DR,San Jose Police,4/6/2021 2:28,,
NARCOTICS,210950840,ABORN RD/ CAPITOL EX,San Jose Police,4/5/2021 23:13,,
AUTO THEFT,210950766,KEYES ST/ S 2ND ST,San Jose Police,4/5/2021 21:36,,
AUTO THEFT,210950651,1000 BLK ALGIERS AV,San Jose Police,4/5/2021 20:10,,
AGG ASSAULT,210950705,2300 BLK MONTEREY RD,San Jose Police,4/5/2021 20:00,,
ASSAULT,210950683,1600 BLK ALUM ROCK AV,San Jose Police,4/5/2021 19:20,,
ROBBERY,210950657,2200 BLK EASTRIDGE LP,San Jose Police,4/5/2021 18:57,,
AUTO THEFT,210950604,1600 BLK VIRGINIA AV,San Jose Police,4/5/2021 18:28,,
AUTO THEFT,210950487,2300 BLK DENAIR AV,San Jose Police,4/5/2021 18:19,,
LICENSE PLATE,210950619,500 BLK BONITA AV,San Jose Police,4/5/2021 18:19,,
ASSAULT,210959509,2200 BLK EASTRIDGE LP,San Jose Police,4/5/2021 16:24,,
VANDALISM,210953221,500 BLK S 9TH ST,San Jose Police,4/5/2021 16:00,,
AUTO THEFT,210959707,2300 BLK SENTER RD,San Jose Police,4/5/2021 15:50,,
PETTY THEFT,210959506,2600 BLK CORDE TERRA CL,San Jose Police,4/5/2021 15:20,,
FORGERY/FRAUD,210959505,1700 BLK MONTEREY RD,San Jose Police,4/5/2021 15:12,,
CREDIT CARD,210953210,2100 BLK TULLY RD,San Jose Police,4/5/2021 14:43,,
CREDIT CARD,210953210,2100 BLK TULLY RD,San Jose Police,4/5/2021 14:43,,
GRAND THEFT,210953226,800 BLK E WILLIAM ST,San Jose Police,4/5/2021 14:35,,
CHECKS,210959504,2400 BLK ALVIN AV,San Jose Police,4/5/2021 14:10,,
PETTY THEFT,210953225,1100 BLK S 12TH ST,San Jose Police,4/5/2021 13:51,,
WEAPONS,210950395,STORY RD / S KING RD,San Jose Police,4/5/2021 13:41,,
CREDIT CARD,210953212,2600 BLK PONSELLE CT,San Jose Police,4/5/2021 13:37,,
ROBBERY,210950259,700 BLK STORY RD,San Jose Police,4/5/2021 10:46,,
BURGLARY,210950232,1500 BLK ALUM ROCK AV,San Jose Police,4/5/2021 10:00,,
VANDALISM,210950228,1500 BLK ALDRICH WY,San Jose Police,4/5/2021 9:54,,
ARSON,210950191,200 BLK N 24TH ST,San Jose Police,4/5/2021 8:52,,
BURGLARY,210950187,1100 BLK E SANTA CLARA ST,San Jose Police,4/5/2021 8:43,,
ASSAULT,210950123,3200 BLK BLUE MOUNTAIN DR,San Jose Police,4/5/2021 7:27,,
AUTO THEFT,210950141,1800 BLK SENTER RD,San Jose Police,4/5/2021 7:12,,
BURGLARY,210950120,1100 BLK STORY RD,San Jose Police,4/5/2021 5:59,,
LICENSE PLATE,210950113,700 BLK E SANTA CLARA ST,San Jose Police,4/5/2021 5:34,,
BURGLARY,210950086,1000 BLK MCLAUGHLIN AV,San Jose Police,4/5/2021 3:41,,
BURGLARY,210950081,1100 BLK SUNNY CT,San Jose Police,4/5/2021 3:23,,
ROBBERY,210950073,15 BLK MAGELLAN AV,San Jose Police,4/5/2021 2:54,,
ROBBERY,210950072,15 BLK E SAN CARLOS ST,San Jose Police,4/5/2021 2:52,,
AGG ASSAULT,210950031,2100 BLK ABORN RD,San Jose Police,4/5/2021 0:49,,
AUTO THEFT,210940893,S SUNSET AV / E SAN ANTONIO ST,San Jose Police,4/4/2021 23:04,,
PETTY THEFT,210943213,1300 BLK SENTER RD,San Jose Police,4/4/2021 22:54,,
AGG ASSAULT,210940711,2600 BLK SENTER RD,San Jose Police,4/4/2021 21:37,,
PETTY THEFT,210940671,15 BLK S 15TH ST,San Jose Police,4/4/2021 18:24,,
AUTO THEFT,210940670,2200 BLK LUCRETIA AV,San Jose Police,4/4/2021 18:24,,
NARCOTICS,210940573,LIDO WY/ TOMLINSON LN,San Jose Police,4/4/2021 17:39,,
NARCOTICS,210940238,PHELAN AV / ROBERTS AV,San Jose Police,4/4/2021 16:59,,
PETTY THEFT,210940570,2400 BLK DOBERN AV,San Jose Police,4/4/2021 16:44,,
VANDALISM,210943210,1200 BLK LUCRETIA AV,San Jose Police,4/4/2021 16:42,,
ASSAULT,210940517,S KING RD/ TULLY RD,San Jose Police,4/4/2021 15:55,,
NARCOTICS,210940431,KEYES ST / S 2ND ST,San Jose Police,4/4/2021 13:50,,
ASSAULT,210940375,1000 BLK S 6TH ST,San Jose Police,4/4/2021 12:46,,
BURGLARY,210940316,3400 BLK THIMBLEHALL LN,San Jose Police,4/4/2021 11:22,,
AUTO THEFT,210940296,1600 BLK CRUCERO DR,San Jose Police,4/4/2021 10:46,,
VANDALISM,210943201,15 BLK W HUMBOLDT ST,San Jose Police,4/4/2021 10:37,,
ASSAULT,210940278,1100 BLK TULLY RD,San Jose Police,4/4/2021 10:27,,
AUTO THEFT,210940246,3400 BLK MARTEN AV,San Jose Police,4/4/2021 9:26,,
NARCOTICS,210940245,LANAI AV / DIXIE DR,San Jose Police,4/4/2021 9:26,,
AUTO THEFT,210940236,2300 BLK SENTER RD,San Jose Police,4/4/2021 9:06,,
BURGLARY,210940192,2500 BLK S KING RD,San Jose Police,4/4/2021 7:47,,
VANDALISM,210930900,15 BLK E SAN CARLOS ST,San Jose Police,4/4/2021 3:57,,
NARCOTICS,210940127,HOPKINS DR/ STORY RD,San Jose Police,4/4/2021 3:50,,
NARCOTICS,210940104,1100 BLK LUCRETIA AVE,San Jose Police,4/4/2021 2:26,,
BURGLARY,210940050,1600 BLK ENESCO AVENUE,San Jose Police,4/4/2021 0:59,,
DUI,210931040,E SANTA CLARA/ N 10TH ST,San Jose Police,4/3/2021 23:31,,
NARCOTICS,210930979,ALVIN AV / FONTAINE RD,San Jose Police,4/3/2021 22:47,,
AUTO THEFT,210930867,2200 BLK EASTRIDGE LP,San Jose Police,4/3/2021 21:07,,
NARCOTICS,210930858,300 BLK E WILLIAM ST,San Jose Police,4/3/2021 20:58,,
AUTO THEFT,210930550,S 9TH ST / BESTOR ST,San Jose Police,4/3/2021 20:17,,
AUTO THEFT,210930790,3200 BLK VIN SANTO LN,San Jose Police,4/3/2021 19:45,,
AUTO THEFT,210930761,STOWE AV/MCCREERY AV,San Jose Police,4/3/2021 19:17,,
AUTO THEFT,210930656,400 BLK E WILLIAM ST,San Jose Police,4/3/2021 17:36,,
GRAND THEFT,210930657,1100 BLK STORY RD,San Jose Police,4/3/2021 17:31,,
NARCOTICS,210930620,N KING RD / ALUM ROCK AV,San Jose Police,4/3/2021 16:54,,
ASSAULT,210930573,500 BLK S 11TH ST,San Jose Police,4/3/2021 16:06,,
AGG ASSAULT,210930568,S 10TH ST / E SAN FERNANDO ST,San Jose Police,4/3/2021 15:58,,
AUTO THEFT,210930566,S 11TH ST / BESTOR ST,San Jose Police,4/3/2021 15:57,,
AUTO THEFT,210930531,2200 BLK TIARA DR,San Jose Police,4/3/2021 15:16,,
CHECKS,210930171,1400 BLK ENDICOTT DR,San Jose Police,4/3/2021 14:33,,
BURGLARY,210930495,2200 BLK TULLY RD,San Jose Police,4/3/2021 14:25,,
BURGLARY,210930495,2200 BLK TULLY RD,San Jose Police,4/3/2021 14:25,,
VANDALISM,210930347,1800 BLK SENTER RD,San Jose Police,4/3/2021 13:18,,
NARCOTICS,210930407,700 BLK STORY RD,San Jose Police,4/3/2021 12:37,,
NARCOTICS,210930287,CINDERELLA LN / NOTTOWAY AV,San Jose Police,4/3/2021 10:20,,
VANDALISM,210930228,1700 BLK BEVIN BROOK DR,San Jose Police,4/3/2021 10:07,,
ASSAULT,210930233,15 BLK VIA DE GUADULPE,San Jose Police,4/3/2021 9:00,,
AGG ASSAULT,210930219,MONTEREY RD / SAN JOSE AV,San Jose Police,4/3/2021 8:40,,
PETTY THEFT,210930209,LUCRETIA AV / SUMMERSIDE DR,San Jose Police,4/3/2021 8:23,,
AUTO THEFT,210930146,1800 BLK MIDFIELD AV,San Jose Police,4/3/2021 5:01,,
DUI,210930055,S KING RD / HAVANA DR,San Jose Police,4/3/2021 3:23,,
NARCOTICS,210920961,1400 BLK BAHAMA WY,San Jose Police,4/3/2021 3:12,,
NARCOTICS,210921053,FIVE WOUNDS LN / N 30TH ST,San Jose Police,4/3/2021 3:02,,
AGG ASSAULT,210910984,400 BLK S 3RD ST,San Jose Police,4/3/2021 2:11,,
BURGLARY,210930084,2100 BLK TULLY RD,San Jose Police,4/3/2021 1:45,,
BURGLARY,210930084,2100 BLK TULLY RD,San Jose Police,4/3/2021 1:45,,
DUI,210921088,3100 BLK REMINGTON WY,San Jose Police,4/3/2021 1:06,,
WEAPONS,210930050,ALUM ROCK AV / N KING RD,San Jose Police,4/3/2021 1:05,,
AUTO THEFT,210921058,1200 BLK ELVIRA CT,San Jose Police,4/2/2021 22:51,,
VANDALISM,210923228,700 BLK S 12TH ST,San Jose Police,4/2/2021 22:44,,
AUTO THEFT,210921037,2300 BLK LUCRETIA AV,San Jose Police,4/2/2021 22:37,,
GRAND THEFT,210923227,700 BLK S 12TH ST,San Jose Police,4/2/2021 22:17,,
GRAND THEFT,210920989,900 BLK S 3RD ST,San Jose Police,4/2/2021 22:07,,
ASSAULT,210921001,1400 BLK BAL HARBOR WY,San Jose Police,4/2/2021 21:58,,
ASSAULT,210920862,600 BLK S 11TH ST,San Jose Police,4/2/2021 20:30,,
DRUNK PUBLIC,210920927,CAPITOL EXPWY / NIEMAN BL,San Jose Police,4/2/2021 20:30,,
AGG ASSAULT,210920918,100 BLK MOORE DR,San Jose Police,4/2/2021 20:26,,
DUI,210920911,ALMADEN AV / WILLOW ST,San Jose Police,4/2/2021 20:11,,
PORNOGRAPHY,210920807,1500 BLK HAVANA DR,San Jose Police,4/2/2021 18:39,,
PETTY THEFT,210923220,1600 BLK CENTER RIDGE DR,San Jose Police,4/2/2021 18:39,,
ROBBERY,210920808,1500 BLK ALUM ROCK AV,San Jose Police,4/2/2021 18:31,,
NARCOTICS,210920749,MCLAUGHLIN AV/ MCLAUGHLIN CT,San Jose Police,4/2/2021 17:46,,
PETTY THEFT,210923205,500 BLK S 10TH ST,San Jose Police,4/2/2021 15:25,,
VANDALISM,210923206,1800 BLK FLINT CREEK CT,San Jose Police,4/2/2021 15:06,,
ASSAULT,210920826,1700 BLK TULLY RD,San Jose Police,4/2/2021 14:46,,
AUTO THEFT,210920559,200 BLK S JACKSON AV,San Jose Police,4/2/2021 14:30,,
ASSAULT,210929502,2500 BLK ALVIN AV,San Jose Police,4/2/2021 14:28,,
VANDALISM,210929501,1900 BLK TULLY RD,San Jose Police,4/2/2021 14:05,,
AUTO THEFT,210920535,15 BLK KEYES ST,San Jose Police,4/2/2021 13:53,,
ASSAULT,210920527,2800 BLK S WHITE RD,San Jose Police,4/2/2021 13:40,,
NARCOTICS,210920512,HIGHWAY 680 / S. KING RD,San Jose Police,4/2/2021 13:30,,
PETTY THEFT,210923230,500 BLK S 11TH ST,San Jose Police,4/2/2021 11:27,,
BURGLARY,210920341,900 BLK FELIPE AV,San Jose Police,4/2/2021 10:44,,
VANDALISM,210923215,2000 BLK MONTEREY RD,San Jose Police,4/2/2021 10:39,,
NARCOTICS,210920291,KARL ST / ALFRED WY,San Jose Police,4/2/2021 10:30,,
GRAND THEFT,210920320,2500 BLK ALVIN AV,San Jose Police,4/2/2021 10:17,,
PETTY THEFT,210920307,3200 BLK CAROL LEAF CT,San Jose Police,4/2/2021 10:02,,
NARCOTICS,210920298,S 24TH ST / E WILLIAM ST,San Jose Police,4/2/2021 9:56,,
ROBBERY,210920213,1100 BLK TULLY RD,San Jose Police,4/2/2021 8:16,,
VANDALISM,210920018,2400 BLK SENTER RD,San Jose Police,4/2/2021 5:34,,
BURGLARY,210920122,600 BLK MACREDES AV,San Jose Police,4/2/2021 3:45,,
BURGLARY,210920116,1200 BLK STORY RD,San Jose Police,4/2/2021 3:27,,
PETTY THEFT,210923223,3100 BLK WHITELEAF CT,San Jose Police,4/2/2021 3:25,,
NARCOTICS,210920026,N 11TH ST / E SANTA CLARA ST,San Jose Police,4/2/2021 1:35,,
NARCOTICS,210920013,TULLY RD / HURAN DR,San Jose Police,4/2/2021 0:10,,
WEAPONS,210910813,SUNSET AVE/SUNSET VIEW PL,San Jose Police,4/1/2021 23:47,,
ASSAULT,210910386,2400 BLK SENTER RD,San Jose Police,4/1/2021 23:35,,
ASSAULT,210911027,15 BLK OLD TULLY RD,San Jose Police,4/1/2021 21:51,,
AUTO THEFT,210910989,1400 BLK LEEWARD DR,San Jose Police,4/1/2021 21:16,,
WEAPONS,210910827,S 1ST ST / SB 280 FROM 1ST RP,San Jose Police,4/1/2021 21:14,,
ROBBERY,210910930,1900 BLK TULLY RD,San Jose Police,4/1/2021 20:15,,
PETTY THEFT,210910885,PHELAN AV / COURTNEY AV,San Jose Police,4/1/2021 19:26,,
VANDALISM,210910848,1000 BLK MCLAUGHLIN AV,San Jose Police,4/1/2021 18:43,,
NARCOTICS,210910806,QUIMBY RD / RIGOLETTO DR,San Jose Police,4/1/2021 18:10,,
NARCOTICS,210910806,QUIMBY RD / RIGOLETTO DR,San Jose Police,4/1/2021 18:10,,
NARCOTICS,210910778,WOODBOROUGH DR / S 21ST ST,San Jose Police,4/1/2021 17:44,,
AUTO THEFT,210910746,700 BLK E WILLIAM ST,San Jose Police,4/1/2021 17:22,,
FORGERY/FRAUD,210919505,3400 BLK MT ST HELENA DR,San Jose Police,4/1/2021 16:45,,
NARCOTICS,210910652,3100 BLK COLDWATER DR,San Jose Police,4/1/2021 16:01,,
VANDALISM,210910582,700 BLK STORY RD,San Jose Police,4/1/2021 14:40,,
NARCOTICS,210910526,WAVERLY AV / S KING RD,San Jose Police,4/1/2021 14:14,,
FORGERY/FRAUD,210913220,2800 BLK MCLAUGHLIN AV,San Jose Police,4/1/2021 14:08,,
AGG ASSAULT,210910486,1100 BLK S 2ND ST,San Jose Police,4/1/2021 13:30,,
AUTO THEFT,210910395,200 BLK PACKING PL,San Jose Police,4/1/2021 12:53,,
CREDIT CARD,210913211,2600 BLK OTHELLO AV,San Jose Police,4/1/2021 12:37,,
PETTY THEFT,210910370,POMONA AV/ BARNARD AV,San Jose Police,4/1/2021 10:54,,
BURGLARY,210910371,800 BLK E WILLIAM ST,San Jose Police,4/1/2021 10:50,,
GRAND THEFT,210913212,15 BLK E REED ST,San Jose Police,4/1/2021 10:41,,
AGG ASSAULT,210910328,1500 BLK STORY RD,San Jose Police,4/1/2021 9:59,,
BURGLARY,210910217,1600 BLK ALUM ROCK AV,San Jose Police,4/1/2021 9:58,,
NARCOTICS,210910260,KAMMERER AV / SINCLAIR DR,San Jose Police,4/1/2021 9:07,,
AUTO THEFT,210910238,1400 BLK PURITANI WY,San Jose Police,4/1/2021 8:29,,
AUTO THEFT,210910223,1300 BLK SENTER RD,San Jose Police,4/1/2021 8:12,,
AUTO THEFT,210910211,1100 BLK WINSLOW DR,San Jose Police,4/1/2021 7:59,,
AUTO THEFT,200910211,1100 BLK WINSLOW DR,San Jose Police,4/1/2021 7:59,,
ASSAULT,210910185,3200 BLK EVERDALE DR,San Jose Police,4/1/2021 7:34,,
VANDALISM,200910180,1600 BLK SENTER RD,San Jose Police,4/1/2021 7:22,,
WEAPONS,210910130,SENTER RD/ TULLY RD,San Jose Police,4/1/2021 4:53,,
NARCOTICS,210910069,SB 101 TO TULLY RP / TULLY RD,San Jose Police,4/1/2021 3:57,,
NARCOTICS,210901119,HURAN DR / TULLY RD,San Jose Police,4/1/2021 3:53,,
NARCOTICS,210910097,1600 BLK CHABOT WY,San Jose Police,4/1/2021 3:29,,
NARCOTICS,210901125,MARTHA ST / S 3RD ST,San Jose Police,4/1/2021 1:11,,
DRUNK PUBLIC,210910015,TULLY RD / S KING RD,San Jose Police,4/1/2021 0:15,,
ASSAULT,210901029,RIGOLETTO DR / S KING RD,San Jose Police,3/31/2021 23:58,,
FORGERY/FRAUD,210903223,2700 BLK WHISPERING HILLS CL,San Jose Police,3/31/2021 20:41,,
CREDIT CARD,210903222,600 BLK BANFF ST,San Jose Police,3/31/2021 20:05,,
NARCOTICS,210900870,TULLY RD / COCONUT DR,San Jose Police,3/31/2021 18:30,,
AGG ASSAULT,210900525,3500 BLK COLUMBINE DR,San Jose Police,3/31/2021 18:07,,
FORGERY/FRAUD,210903205,1600 BLK BOWLING GREEN DR,San Jose Police,3/31/2021 17:55,,
DUI,210900742,OCALA AV / BERMUDA WY,San Jose Police,3/31/2021 17:26,,
ASSAULT,210900386,15 BLK S 14TH ST,San Jose Police,3/31/2021 17:00,,
NARCOTICS,210900707,CINDERELLA LN / MCCREERY AV,San Jose Police,3/31/2021 17:00,,
CREDIT CARD,210909505,ALUM ROCK AV / N SUNSET AV,San Jose Police,3/31/2021 16:11,,
ARSON,210900534,ROBERTS AV / VINTAGE WY,San Jose Police,3/31/2021 13:25,,
VANDALISM,210900495,1100 BLK S KING RD,San Jose Police,3/31/2021 12:41,,
BURGLARY,210900490,2100 BLK MONTEREY RD,San Jose Police,3/31/2021 12:39,,
BURGLARY,210900261,700 BLK S 3RD ST,San Jose Police,3/31/2021 9:17,,
LICENSE PLATE,210900245,1800 BLK E SAN ANTONIO ST,San Jose Police,3/31/2021 8:57,,
VANDALISM,210900103,1900 BLK ABORN RD,San Jose Police,3/31/2021 8:17,,
AUTO THEFT,210900178,OLD TULLY RD / MONTEREY RD,San Jose Police,3/31/2021 7:58,,
CREDIT CARD,210903217,2700 BLK EULALIE DR,San Jose Police,3/31/2021 7:32,,
NARCOTICS,210900167,PHELAN AV/SENTER RD,San Jose Police,3/31/2021 7:25,,
BURGLARY,210900158,1600 BLK TULLY RD,San Jose Police,3/31/2021 7:01,,
VANDALISM,210900132,1200 BLK STORY RD,San Jose Police,3/31/2021 5:56,,
BURGLARY,210900116,900 BLK STORY RD,San Jose Police,3/31/2021 5:24,,
NARCOTICS,210900074,EVERDALE DR / CASTLETON DR,San Jose Police,3/31/2021 5:12,,
BURGLARY,210900111,2300 BLK SENTER RD,San Jose Police,3/31/2021 4:55,,
NARCOTICS,210900067,LUCRETIA AV / TAJI DR,San Jose Police,3/31/2021 2:21,,
AUTO THEFT,210900018,1600 BLK HONEYSUCKLE DR,San Jose Police,3/31/2021 0:21,,
NARCOTICS,210891007,E ALMA AV / ALMA CT,San Jose Police,3/30/2021 23:50,,
NARCOTICS,210891040,MONTEREY RD / SAN JOSE AV,San Jose Police,3/30/2021 23:48,,
DRUNK PUBLIC,210890997,2400 BLK FONTAINE RD,San Jose Police,3/30/2021 22:37,,
NARCOTICS,210890992,600 BLK TULLY RD,San Jose Police,3/30/2021 22:24,,
AGG ASSAULT,210890821,1700 BLK STORY RD,San Jose Police,3/30/2021 21:56,,
AGG ASSAULT,210890957,100 BLK W REED ST,San Jose Police,3/30/2021 21:33,,
DUI,210890947,MIDFIELD AV/HAVANA WY,San Jose Police,3/30/2021 21:20,,
AUTO THEFT,210890869,1600 BLK STORY RD,San Jose Police,3/30/2021 19:40,,
NARCOTICS,210890866,OTHELLO AV / RIGOLETTO DR,San Jose Police,3/30/2021 19:38,,
WEAPONS,210890865,W ALMA AV / POMONA AV,San Jose Police,3/30/2021 19:38,,
VANDALISM,210893228,2200 BLK SENTER RD,San Jose Police,3/30/2021 19:36,,
NARCOTICS,210890799,2800 BLK SMITHERS DR,San Jose Police,3/30/2021 18:27,,
ARSON,210890526,1700 BLK STORY RD,San Jose Police,3/30/2021 17:44,,
VANDALISM,210890539,1600 BLK ALUM ROCK AV,San Jose Police,3/30/2021 17:00,,
VANDALISM,210890698,600 BLK MACREDES AV,San Jose Police,3/30/2021 16:42,,
BURGLARY,210890644,900 BLK FELIPE AV,San Jose Police,3/30/2021 16:40,,
VANDALISM,210893217,2600 BLK SAND POINT DR,San Jose Police,3/30/2021 16:28,,
VANDALISM,210890672,400 BLK S 6TH ST,San Jose Police,3/30/2021 16:13,,
NARCOTICS,210890654,700 BLK S 2ND ST,San Jose Police,3/30/2021 16:00,,
FORGERY/FRAUD,210893224,2700 BLK SUISUN AV,San Jose Police,3/30/2021 15:59,,
NARCOTICS,210890651,1900 BLK S 7TH ST,San Jose Police,3/30/2021 15:42,,
GRAND THEFT,210890647,1700 BLK S KING RD,San Jose Police,3/30/2021 15:37,,
ROBBERY,210890455,2100 BLK LANAI AV,San Jose Police,3/30/2021 15:06,,
AUTO THEFT,210890596,500 BLK TULLY RD,San Jose Police,3/30/2021 14:40,,
LICENSE PLATE,210890577,15 BLK S 19TH ST,San Jose Police,3/30/2021 14:21,,
CHECKS,210893221,1800 BLK SENTER RD,San Jose Police,3/30/2021 13:36,,
DISTURB PEACE,210899507,2600 BLK OTHELLO AV,San Jose Police,3/30/2021 13:25,,
LICENSE PLATE,210890512,1500 BLK FLANIGAN DR,San Jose Police,3/30/2021 13:24,,
AUTO THEFT,210890469,E SAN ANTONIO ST/S 33RD ST,San Jose Police,3/30/2021 12:42,,
ASSAULT,210890380,700 BLK S JACKSON AV,San Jose Police,3/30/2021 12:00,,
BURGLARY,210890381,2100 BLK MONTEREY RD,San Jose Police,3/30/2021 11:08,,
ASSAULT,210890345,1700 BLK OCALA AV,San Jose Police,3/30/2021 10:37,,
VANDALISM,210893204,2000 BLK LUCRETIA AV,San Jose Police,3/30/2021 9:19,,
PETTY THEFT,210890358,1200 BLK HOPKINS DR,San Jose Police,3/30/2021 9:00,,
AUTO THEFT,210890216,4100 BLK VOLTAIRE ST,San Jose Police,3/30/2021 8:44,,
AUTO THEFT,210899701,2600 BLK CORDE TERRA CL,San Jose Police,3/30/2021 8:25,,
AUTO THEFT,210890186,ALDRICH WY/ALVIN AV,San Jose Police,3/30/2021 8:15,,
AUTO THEFT,210890153,2300 BLK SENTER RD,San Jose Police,3/30/2021 7:25,,
AUTO THEFT,210890128,1500 BLK FORD AV,San Jose Police,3/30/2021 5:36,,
CREDIT CARD,210890100,SENTER RD / E ALMA AV,San Jose Police,3/30/2021 4:12,,
NARCOTICS,210890091,S 1ST ST / KEYES ST,San Jose Police,3/30/2021 3:40,,
WEAPONS,210880320,2200 BLK WILL WOOL DRIVE,San Jose Police,3/30/2021 2:30,,
NARCOTICS,210890057,CATHAY DR/NAPLES DR,San Jose Police,3/30/2021 2:10,,
VANDALISM,210890048,2100 BLK S WHITE RD,San Jose Police,3/30/2021 1:30,,
NARCOTICS,210890033,MIDFIELD AV / MIAMI DR,San Jose Police,3/30/2021 1:20,,
VANDALISM,210883244,LUCRETIA AV / SUMMERSIDE DR,San Jose Police,3/29/2021 22:42,,
PETTY THEFT,210880969,1700 BLK S KING RD,San Jose Police,3/29/2021 22:02,,
AUTO THEFT,210880879,S 7TH ST/LEO AV,San Jose Police,3/29/2021 21:25,,
WEAPONS,210880915,RUBY AVE / HOLDERMAN DR,San Jose Police,3/29/2021 20:28,,
BURGLARY,210880682,2300 BLK SENTER RD,San Jose Police,3/29/2021 18:38,,
VANDALISM,210883201,600 BLK S 9TH ST,San Jose Police,3/29/2021 18:27,,
VANDALISM,210880807,900 BLK S KING RD,San Jose Police,3/29/2021 18:09,,
PETTY THEFT,210880802,200 BLK S 11TH ST,San Jose Police,3/29/2021 18:04,,
WEAPONS,210880767,KEYES ST / SENTER RD,San Jose Police,3/29/2021 17:29,,
ASSAULT,210880756,1300 BLK E SAN ANTONIO ST,San Jose Police,3/29/2021 17:16,,
FORGERY/FRAUD,210883205,15 BLK S 16TH ST,San Jose Police,3/29/2021 16:34,,
PETTY THEFT,210880680,2900 BLK MIDHURST WY,San Jose Police,3/29/2021 15:56,,
LICENSE PLATE,210880669,500 BLK S 7TH ST,San Jose Police,3/29/2021 15:45,,
AUTO THEFT,210880570,2200 BLK EASTRIDGE LP,San Jose Police,3/29/2021 14:58,,
VANDALISM,210880599,1200 BLK STORY RD,San Jose Police,3/29/2021 14:26,,
BURGLARY,210880509,3600 BLK CLAYTON RD,San Jose Police,3/29/2021 14:23,,
CHECKS,210889504,2400 BLK ALVIN AV,San Jose Police,3/29/2021 14:12,,
PETTY THEFT,210883213,3500 BLK BOEGER LN,San Jose Police,3/29/2021 13:58,,
GRAND THEFT,210880483,700 BLK E SANTA CLARA ST,San Jose Police,3/29/2021 12:39,,
GRAND THEFT,210883224,3400 BLK CHEMIN DE RIVIERE,San Jose Police,3/29/2021 10:49,,
AUTO THEFT,210880364,1300 BLK LUCRETIA AV,San Jose Police,3/29/2021 10:37,,
INDECENT EXPOSURE,210880365,15 BLK S 11TH ST,San Jose Police,3/29/2021 10:37,,
AUTO THEFT,210880280,FLORIDA AV / MIAMI DR,San Jose Police,3/29/2021 9:32,,
NARCOTICS,210880256,E CAPITOL EX / CUNNINGHAM AV,San Jose Police,3/29/2021 9:01,,
NARCOTICS,210880256,E CAPITOL EX / CUNNINGHAM AV,San Jose Police,3/29/2021 9:01,,
NARCOTICS,210880145,SENTER RD / E ALMA AV,San Jose Police,3/29/2021 5:38,,
AGG ASSAULT,210889818,400 BLK BONITA AV,San Jose Police,3/29/2021 0:04,,
AGG ASSAULT,210889807,1100 BLK S 10TH ST,San Jose Police,3/29/2021 0:03,,
AGG ASSAULT,210889806,15 BLK S 19TH ST,San Jose Police,3/29/2021 0:03,,
AGG ASSAULT,210889803,2100 BLK CEYLON CT,San Jose Police,3/29/2021 0:03,,
VANDALISM,210870960,2300 BLK WARFIELD WY,San Jose Police,3/28/2021 22:00,,
GRAND THEFT,210870905,2100 BLK MONTEREY RD,San Jose Police,3/28/2021 21:20,,
DUI,210870888,15 BLK S 20TH ST,San Jose Police,3/28/2021 21:02,,
PETTY THEFT,210870883,1700 BLK STORY RD,San Jose Police,3/28/2021 20:57,,
NARCOTICS,210870815,LUCRETIA AV / TAJI DR,San Jose Police,3/28/2021 19:48,,
AGG ASSAULT,210870525,3000 BLK PEPPERMINT DR,San Jose Police,3/28/2021 18:37,,
AGG ASSAULT,210870672,1000 BLK STORY RD,San Jose Police,3/28/2021 17:13,,
AGG ASSAULT,210879849,2300 BLK LUCRETIA AV,San Jose Police,3/28/2021 15:44,,
AUTO THEFT,210870499,500 BLK E SANTA CLARA ST,San Jose Police,3/28/2021 15:12,,
NARCOTICS,210870488,2100 BLK MONTEREY RD,San Jose Police,3/28/2021 14:19,,
AUTO THEFT,210870357,2500 BLK BOREN DR,San Jose Police,3/28/2021 11:32,,
NARCOTICS,210870355,2100 BLK MONTEREY RD,San Jose Police,3/28/2021 11:31,,
WEAPONS,210870356,E SANTA CLARA ST/S 22ND ST,San Jose Police,3/28/2021 11:31,,
BURGLARY,210870306,900 BLK SUMMERSIDE DR,San Jose Police,3/28/2021 10:26,,
DISTURB PEACE,210870314,1300 BLK SENTER RD,San Jose Police,3/28/2021 9:30,,
BURGLARY,210870248,400 BLK SOUTH 4TH STREET,San Jose Police,3/28/2021 9:14,,
DUI,210870204,BESTOR ST/ S 6TH ST.,San Jose Police,3/28/2021 7:35,,
BURGLARY,210870203,2600 BLK SHERLOCK DR,San Jose Police,3/28/2021 7:31,,
BURGLARY,210870151,1200 BLK E SANTA CLARA ST,San Jose Police,3/28/2021 4:02,,
AGG ASSAULT,210870133,100 BLK AUSTIN CT,San Jose Police,3/28/2021 3:00,,
AGG ASSAULT,210879815,2500 BLK SEDLAK CT,San Jose Police,3/28/2021 2:07,,
ARSON,210880759,1000 BLK E SANTA CLARA ST,San Jose Police,3/28/2021 0:36,,
AGG ASSAULT,210879825,2000 BLK BAYHEAVEN DR,San Jose Police,3/28/2021 0:08,,
AGG ASSAULT,210879828,2200 BLK LYONS CT,San Jose Police,3/28/2021 0:08,,
AGG ASSAULT,210879812,1300 BLK VINE ST,San Jose Police,3/28/2021 0:07,,
AGG ASSAULT,210879817,2600 BLK VISTA VERDE DR,San Jose Police,3/28/2021 0:07,,
AGG ASSAULT,210879820,3600 BLK RUE MIRASSOU,San Jose Police,3/28/2021 0:07,,
AGG ASSAULT,210879819,400 BLK OAKLAND AV,San Jose Police,3/28/2021 0:07,,
AGG ASSAULT,210879800,2200 BLK BARLOW AV,San Jose Police,3/28/2021 0:06,,
AGG ASSAULT,210879806,2500 BLK S KING RD,San Jose Police,3/28/2021 0:06,,
NARCOTICS,210861169,15 BLK UNION ST,San Jose Police,3/27/2021 23:54,,
AGG ASSAULT,210861141,STORY RD / S JACKSON AV,San Jose Police,3/27/2021 23:20,,
VANDALISM,210863215,1200 BLK WHITTON AV,San Jose Police,3/27/2021 20:14,,
NARCOTICS,210860822,AMADOR DR / TALLAHASSEE DR,San Jose Police,3/27/2021 18:59,,
AGG ASSAULT,210869809,1100 BLK LYNN AV,San Jose Police,3/27/2021 18:56,,
NARCOTICS,210850720,E CAPITOL EX / OCALA AV,San Jose Police,3/27/2021 18:13,,
ROBBERY,210860781,800 BLK S 1ST ST,San Jose Police,3/27/2021 18:09,,
ASSAULT,210860774,S 10TH ST / E SAN CARLOS ST,San Jose Police,3/27/2021 18:04,,
NARCOTICS,210860726,ALUM ROCK AV / S KING RD,San Jose Police,3/27/2021 17:23,,
FORGERY/FRAUD,210863202,1800 BLK GRENADINE WY,San Jose Police,3/27/2021 15:14,,
GRAND THEFT,210860462,1700 BLK ALDER CREEK CT,San Jose Police,3/27/2021 12:49,,
AUTO THEFT,210860370,S 3RD ST / MARTHA ST,San Jose Police,3/27/2021 11:11,,
VANDALISM,210863222,ABORN RD / E CAPITOL EX,San Jose Police,3/27/2021 10:18,,
ROBBERY,210860290,2100 BLK MONTEREY RD,San Jose Police,3/27/2021 9:41,,
LICENSE PLATE,210860259,1100 BLK HERALD AV,San Jose Police,3/27/2021 8:15,,
NARCOTICS,210860240,SEVENTH ST/ TULLY RD,San Jose Police,3/27/2021 7:50,,
AUTO THEFT,210860236,2900 BLK FENWICK WY,San Jose Police,3/27/2021 7:39,,
NARCOTICS,210860055,N 30TH ST / FIVE WOUNDS LN,San Jose Police,3/27/2021 1:00,,
AGG ASSAULT,210859833,3100 BLK PEANUT BRITTLE DR,San Jose Police,3/26/2021 22:40,,
AGG ASSAULT,210859845,1800 BLK DAYTONA DR,San Jose Police,3/26/2021 22:14,,
ASSAULT,210850919,3500 BLK OAKLEAF DR,San Jose Police,3/26/2021 22:07,,
AGG ASSAULT,210859821,2000 BLK S KING RD,San Jose Police,3/26/2021 22:04,,
WEAPONS,210850859,ALUM ROCK AV/ KING RD,San Jose Police,3/26/2021 21:00,,
AGG ASSAULT,210859827,900 BLK S 6TH ST,San Jose Police,3/26/2021 20:40,,
ASSAULT,210850822,1500 BLK STORY RD,San Jose Police,3/26/2021 20:07,,
AGG ASSAULT,210859822,2700 BLK TANGLEWOOD DR,San Jose Police,3/26/2021 20:04,,
BURGLARY,210850807,100 BLK S 10TH ST,San Jose Police,3/26/2021 19:42,,
NARCOTICS,210850800,PHELAN AVE/SENTER RD,San Jose Police,3/26/2021 19:36,,
LICENSE PLATE,210850777,1600 BLK HONEYSUCKLE DR,San Jose Police,3/26/2021 19:07,,
VANDALISM,210850775,15 BLK S 11TH ST,San Jose Police,3/26/2021 19:06,,
AGG ASSAULT,210859801,900 BLK MILLS CORNER LN,San Jose Police,3/26/2021 17:21,,
ASSAULT,210850653,S KING RD / LAVONNE AV,San Jose Police,3/26/2021 17:07,,
DRUNK PUBLIC,210850637,600 BLK HERMES CT,San Jose Police,3/26/2021 16:51,,
PETTY THEFT,210853205,3100 BLK HERITAGE VALLEY DR,San Jose Police,3/26/2021 13:47,,
FORGERY/FRAUD,210859505,400 BLK S 4TH ST,San Jose Police,3/26/2021 13:07,,
NARCOTICS,210850388,2500 BLK FONTAINE RD,San Jose Police,3/26/2021 12:36,,
ASSAULT,210850333,1200 BLK STORY RD,San Jose Police,3/26/2021 11:47,,
VANDALISM,210850295,1900 BLK KAMMERER AV,San Jose Police,3/26/2021 11:40,,
FORGERY/FRAUD,210850321,FONTAINE RD / ALVIN AV,San Jose Police,3/26/2021 11:39,,
NARCOTICS,210840860,HERALD AV/REMO ST,San Jose Police,3/26/2021 11:23,,
AUTO THEFT,210850246,2000 BLK NOTTOWAY AV,San Jose Police,3/26/2021 9:39,,
AUTO THEFT,210850229,800 BLK S 6TH ST,San Jose Police,3/26/2021 9:29,,
BURGLARY,210850222,2600 BLK TOY LN,San Jose Police,3/26/2021 8:55,,
CHECKS,210850221,1600 BLK S 7TH ST,San Jose Police,3/26/2021 8:54,,
VANDALISM,210850192,2400 BLK GLEN EXETER WY,San Jose Police,3/26/2021 8:13,,
FORGERY/FRAUD,210853215,1700 BLK QUIMBY RD,San Jose Police,3/26/2021 7:36,,
AUTO THEFT,210850108,1800 BLK MARTELLO DR,San Jose Police,3/26/2021 4:07,,
VANDALISM,210850104,700 BLK S 10TH ST,San Jose Police,3/26/2021 3:46,,
BURGLARY,210841033,300 BLK S 24TH ST,San Jose Police,3/25/2021 23:27,,
AUTO THEFT,210841026,1900 BLK SENTER RD,San Jose Police,3/25/2021 23:17,,
VANDALISM,210840987,1800 BLK CUNNINGHAM AV,San Jose Police,3/25/2021 21:50,,
PETTY THEFT,210840958,700 BLK STORY RD,San Jose Police,3/25/2021 21:02,,
ROBBERY,210840914,3200 BLK S WHITE RD,San Jose Police,3/25/2021 19:53,,
CREDIT CARD,210843210,15 BLK CARNEGIE SQ,San Jose Police,3/25/2021 19:48,,
BURGLARY,210840696,2100 BLK S 10TH ST,San Jose Police,3/25/2021 16:32,,
FORGERY/FRAUD,210843217,1700 BLK SUNDOWN LN,San Jose Police,3/25/2021 16:25,,
GRAND THEFT,210843227,900 BLK BELLHURST AV,San Jose Police,3/25/2021 15:56,,
PETTY THEFT,210843220,600 BLK SONI CT,San Jose Police,3/25/2021 14:50,,
FORGERY/FRAUD,210849712,STORY RD / S KING RD,San Jose Police,3/25/2021 14:39,,
GRAND THEFT,210849506,2200 BLK EASTRIDGE LP,San Jose Police,3/25/2021 14:22,,
BURGLARY,210840543,2300 BLK S 10TH ST,San Jose Police,3/25/2021 14:00,,
NARCOTICS,210840343,1100 BLK STORY RD,San Jose Police,3/25/2021 13:38,,
NARCOTICS,210840488,STORY RD / SB 101 FROM STORY RP,San Jose Police,3/25/2021 13:07,,
GRAND THEFT,210840463,2200 BLK MCLAUGHLIN AV,San Jose Police,3/25/2021 12:43,,
NARCOTICS,210840456,STORY RD / SB 101 FROM STORY RP,San Jose Police,3/25/2021 12:41,,
VANDALISM,210840274,2500 BLK BOREN DR,San Jose Police,3/25/2021 9:31,,
PETTY THEFT,210840271,1600 BLK BURDETTE DR,San Jose Police,3/25/2021 9:28,,
AUTO THEFT,210840236,2000 BLK NEWTON AV,San Jose Police,3/25/2021 8:54,,
WEAPONS,210840226,1700 BLK MCLAUGHLIN AVE,San Jose Police,3/25/2021 8:45,,
VANDALISM,210840149,1700 BLK STORY RD,San Jose Police,3/25/2021 6:43,,
AUTO THEFT,210840142,2500 BLK FONTAINE RD,San Jose Police,3/25/2021 6:16,,
PETTY THEFT,210840134,1600 BLK SENTER RD,San Jose Police,3/25/2021 5:51,,
VANDALISM,210840132,1900 BLK SENTER RD,San Jose Police,3/25/2021 5:46,,
ASSAULT,210840069,600 BLK TULLY RD,San Jose Police,3/25/2021 4:02,,
PETTY THEFT,210843224,2200 BLK MCLAUGHLIN AV,San Jose Police,3/25/2021 1:28,,
WEAPONS,210831041,SENTER RD/FELDSPAR DR,San Jose Police,3/24/2021 23:04,,
NARCOTICS,210830997,1100 BLK ROBERTS AV,San Jose Police,3/24/2021 22:10,,
FORGERY/FRAUD,210833221,1400 BLK CRUCERO DR,San Jose Police,3/24/2021 21:41,,
FORGERY/FRAUD,210833215,800 BLK BAGHDAD PL,San Jose Police,3/24/2021 18:18,,
INDECENT EXPOSURE,210830561,300 BLK S 15TH ST,San Jose Police,3/24/2021 18:14,,
ASSAULT,210830589,2100 BLK TORYGLEN WY,San Jose Police,3/24/2021 18:00,,
LICENSE PLATE,210830776,800 BLK S 5TH ST,San Jose Police,3/24/2021 17:54,,
GRAND THEFT,210830730,15 BLK CASTLECREST DR,San Jose Police,3/24/2021 17:10,,
PETTY THEFT,210833212,15 BLK E SAN CARLOS ST,San Jose Police,3/24/2021 16:36,,
NARCOTICS,210830603,OSWEGO DR / TRIESTE CT,San Jose Police,3/24/2021 16:10,,
GRAND THEFT,210830547,3200 BLK S WHITE RD,San Jose Police,3/24/2021 15:39,,
CHECKS,210830618,1600 BLK S 7TH ST,San Jose Police,3/24/2021 15:19,,
ROBBERY,210830414,2100 BLK MONTEREY RD,San Jose Police,3/24/2021 11:13,,
VANDALISM,210830326,2600 BLK ALVIN AV,San Jose Police,3/24/2021 10:03,,
VANDALISM,210830275,1000 BLK MCLAUGHLIN AV,San Jose Police,3/24/2021 9:21,,
AUTO THEFT,210830234,2200 BLK TAMPA WY,San Jose Police,3/24/2021 8:36,,
GRAND THEFT,210830199,2300 BLK SENTER RD,San Jose Police,3/24/2021 8:00,,
AUTO THEFT,210830160,700 BLK STATE ST,San Jose Police,3/24/2021 7:20,,
GRAND THEFT,210830134,900 BLK STORY RD,San Jose Police,3/24/2021 5:48,,
AUTO THEFT,210830105,2100 BLK MCLAUGHLIN AV,San Jose Police,3/24/2021 4:40,,
BURGLARY,210830111,900 BLK STORY RD,San Jose Police,3/24/2021 4:34,,
NARCOTICS,210830026,ALDRICH WY / FONTAINE RD,San Jose Police,3/24/2021 3:45,,
AUTO THEFT,210830086,1000 BLK S 6TH ST,San Jose Police,3/24/2021 3:14,,
WEAPONS,210820853,MARTEN AV / MT PLEASANT RD,San Jose Police,3/24/2021 2:25,,
AGG ASSAULT,210839816,1300 BLK BAGELY WY,San Jose Police,3/24/2021 0:17,,
VANDALISM,210823230,1400 BLK CLEMENCE CT,San Jose Police,3/23/2021 23:25,,
GRAND THEFT,210820934,STORY RD / KNOX AV,San Jose Police,3/23/2021 22:39,,
AUTO THEFT,210820918,400 BLK S 7TH ST,San Jose Police,3/23/2021 22:16,,
AGG ASSAULT,210829834,1600 BLK CRUCERO DR,San Jose Police,3/23/2021 20:56,,
PETTY THEFT,210823234,500 BLK S 2ND ST,San Jose Police,3/23/2021 20:03,,
ASSAULT,210820790,2500 BLK FONTAINE RD,San Jose Police,3/23/2021 19:01,,
PETTY THEFT,210823241,500 BLK E ALMA AV,San Jose Police,3/23/2021 18:59,,
NARCOTICS,210820784,15 BLK OLD TULLY RD,San Jose Police,3/23/2021 18:55,,
VANDALISM,210823240,1800 BLK SENTER RD,San Jose Police,3/23/2021 18:49,,
FORGERY/FRAUD,210823233,1600 BLK MIAMI DR,San Jose Police,3/23/2021 18:00,,
AGG ASSAULT,210829870,1100 BLK SHORTRIDGE AV,San Jose Police,3/23/2021 17:55,,
AGG ASSAULT,210829857,2100 BLK TORYGLEN WY,San Jose Police,3/23/2021 17:55,,
AGG ASSAULT,210829880,1600 BLK CHRISTOPHER ST,San Jose Police,3/23/2021 17:53,,
AGG ASSAULT,210829879,1800 BLK JENEANE MARIE CL,San Jose Police,3/23/2021 17:53,,
DISTURB PEACE,210829706,1300 BLK FOXDALE LP,San Jose Police,3/23/2021 16:21,,
CREDIT CARD,210829515,3200 BLK ANDORA DR,San Jose Police,3/23/2021 15:53,,
VANDALISM,210823204,1800 BLK LUCRETIA AV,San Jose Police,3/23/2021 15:40,,
FORGERY/FRAUD,210829510,100 BLK S 33RD ST,San Jose Police,3/23/2021 13:45,,
AUTO THEFT,210820488,ORINDA DR/HILLSBOROUGH WY,San Jose Police,3/23/2021 13:19,,
CREDIT CARD,210829504,100 BLK S 21ST ST,San Jose Police,3/23/2021 12:32,,
BURGLARY,210820409,300 BLK S 3RD ST,San Jose Police,3/23/2021 12:17,,
AUTO THEFT,210820401,600 BLK WOOL CREEK DR,San Jose Police,3/23/2021 12:08,,
PETTY THEFT,210823227,15 BLK E REED ST,San Jose Police,3/23/2021 11:34,,
AUTO THEFT,210820367,1800 BLK E SAN ANTONIO ST,San Jose Police,3/23/2021 11:31,,
PETTY THEFT,210823219,1000 BLK S 3RD ST,San Jose Police,3/23/2021 10:53,,
GRAND THEFT,210820314,500 BLK MARTHA ST,San Jose Police,3/23/2021 10:37,,
ASSAULT,210829502,STORY RD / MCLAUGHLIN AV,San Jose Police,3/23/2021 10:30,,
INDECENT EXPOSURE,210820300,2400 BLK ALVIN AV,San Jose Police,3/23/2021 10:24,,
VANDALISM,210820178,500 BLK S 9TH ST,San Jose Police,3/23/2021 8:16,,
AUTO THEFT,210820135,2000 BLK BAYHAVEN DR,San Jose Police,3/23/2021 7:16,,
AGG ASSAULT,210829801,2300 BLK LUCRETIA AV,San Jose Police,3/23/2021 6:18,,
VANDALISM,210820100,1100 BLK S 7TH ST,San Jose Police,3/23/2021 5:23,,
BURGLARY,210820070,2300 BLK STORY RD,San Jose Police,3/23/2021 3:08,,
PETTY THEFT,210820049,SAN FERNANDO / 10'TH,San Jose Police,3/23/2021 1:52,,
BURGLARY,210820044,15 BLK N 33RD ST,San Jose Police,3/23/2021 1:30,,
NARCOTICS,210820012,1600 BLK ALUM ROCK AV,San Jose Police,3/23/2021 0:09,,
AUTO THEFT,210811063,SANTA CLARA ST / S 11TH ST,San Jose Police,3/22/2021 23:39,,
NARCOTICS,210811056,MONTEREY RD/ SAN JOSE AV,San Jose Police,3/22/2021 23:27,,
ROBBERY,210811042,200 BLK PACKING PL,San Jose Police,3/22/2021 23:10,,
ASSAULT,210811031,FALL AV / OAKLEAF DR,San Jose Police,3/22/2021 22:50,,
WEAPONS,210810991,1600 BLK S. KING ROAD,San Jose Police,3/22/2021 21:56,,
FORGERY/FRAUD,210813239,900 BLK TOMLINSON LN,San Jose Police,3/22/2021 20:21,,
ASSAULT,210810877,2200 BLK MCLAUGHLIN AV,San Jose Police,3/22/2021 19:57,,
ASSAULT,210810717,OCALA AV / CATHAY DR,San Jose Police,3/22/2021 17:29,,
ASSAULT,210810688,1000 BLK STORY RD,San Jose Police,3/22/2021 17:08,,
AUTO THEFT,210810681,E SAN ANTONIO ST / S KING RD,San Jose Police,3/22/2021 17:04,,
PETTY THEFT,210810605,S KING RD / LAVONNE AV,San Jose Police,3/22/2021 15:46,,
PETTY THEFT,210810604,1600 BLK HONEYSUCKLE DR,San Jose Police,3/22/2021 15:45,,
AGG ASSAULT,210810591,15 BLK S 19TH ST,San Jose Police,3/22/2021 15:34,,
AUTO THEFT,210810568,1500 BLK CUNNINGHAM AV,San Jose Police,3/22/2021 15:04,,
AUTO THEFT,210810473,500 BLK S MARKET ST,San Jose Police,3/22/2021 15:01,,
FORGERY/FRAUD,210819512,2600 BLK GOLDWOOD CT,San Jose Police,3/22/2021 14:16,,
VANDALISM,210813222,2400 BLK SENTER RD,San Jose Police,3/22/2021 14:13,,
FORGERY/FRAUD,210819511,1600 BLK CUNNINGHAM AV,San Jose Police,3/22/2021 13:47,,
PETTY THEFT,210813223,1800 BLK LUKE CT,San Jose Police,3/22/2021 13:33,,
ASSAULT,210819509,15 BLK S 7TH ST,San Jose Police,3/22/2021 13:20,,
ASSAULT,210810460,2100 BLK MONTEREY RD,San Jose Police,3/22/2021 13:18,,
FORGERY/FRAUD,210819507,3400 BLK CUESTA DR,San Jose Police,3/22/2021 13:11,,
BURGLARY,210810451,1600 BLK ALUM ROCK AV,San Jose Police,3/22/2021 13:08,,
BURGLARY,210810431,1800 BLK LUCRETIA AV,San Jose Police,3/22/2021 12:41,,
PETTY THEFT,210813212,2100 BLK ABORN RD,San Jose Police,3/22/2021 11:47,,
PETTY THEFT,210810376,2900 BLK ABORN SQUARE RD,San Jose Police,3/22/2021 11:33,,
WEAPONS,210810348,3400 BLK MARTEN AV,San Jose Police,3/22/2021 11:05,,
VANDALISM,210813208,1900 BLK SENTER RD,San Jose Police,3/22/2021 10:44,,
FORGERY/FRAUD,210819702,1600 BLK E SAN ANTONIO ST,San Jose Police,3/22/2021 10:27,,
NARCOTICS,210810296,300 BLK S 10TH ST,San Jose Police,3/22/2021 10:12,,
VANDALISM,210813203,200 BLK S 10TH ST,San Jose Police,3/22/2021 10:10,,
BURGLARY,210810246,2600 BLK CASEY WY,San Jose Police,3/22/2021 9:18,,
BURGLARY,210810216,2200 BLK LUCRETIA AV,San Jose Police,3/22/2021 8:35,,
BURGLARY,210810215,900 BLK S 6TH ST,San Jose Police,3/22/2021 8:33,,
NARCOTICS,210810031,E SAN FERNANDO ST / S 11TH ST,San Jose Police,3/22/2021 3:57,,
NARCOTICS,210810068,E WILLIAM ST / S 19TH ST,San Jose Police,3/22/2021 3:19,,
NARCOTICS,210810044,N 26TH ST / E JULIAN ST,San Jose Police,3/22/2021 3:05,,
DUI,210810093,E CAPITOL EXPY / OCALA AV,San Jose Police,3/22/2021 2:34,,
PETTY THEFT,210810047,2500 BLK S KING RD,San Jose Police,3/22/2021 1:12,,
